SAMENWERKINGSVERBAND_NUMMER;brin_nummer;vestigings_nummer;aantal_leerlingen;vsv_totaal;vsv_vmbo;vsv_mbo;vsv_overig
VO0001;00PG;00;1714;6;3;0;3
VO0001;00PG;02;694;1;1;0;0
VO0001;00PG;03;896;3;3;0;0
VO0001;00PG;04;722;2;1;0;1
VO0001;00WH;00;1205;2;1;0;1
VO0001;00WH;01;563;1;0;0;1
VO0001;01RL;00;1363;6;4;0;2
VO0001;01RL;01;610;0;0;0;0
VO0001;01RL;02;545;0;0;0;0
VO0001;02EA;00;2959;8;4;0;4
VO0001;02EA;02;565;4;4;0;0
VO0001;02EA;03;448;0;0;0;0
VO0001;03JY;00;1358;2;2;0;0
VO0001;03JY;01;408;1;1;0;0
VO0001;03JY;02;444;7;4;0;3
VO0001;03JY;03;345;0;0;0;0
VO0001;03JY;06;442;2;0;0;2
VO0001;03JY;07;87;0;0;0;0
VO0001;03WO;00;1132;1;0;0;1
VO0001;03WO;01;816;6;5;0;1
VO0001;03WO;02;1194;0;0;0;0
VO0001;03WO;03;842;1;0;0;1
VO0001;23VL;00;1718;2;2;0;0
VO0001;23VL;01;439;0;0;0;0
VO0001;23VL;02;516;0;0;0;0
VO0001;23VL;03;252;0;0;0;0
VO2001;01UH;00;1450;5;1;0;4
VO2001;02CR;00;720;1;0;0;1
VO2001;02UV;00;773;2;2;0;0
VO2001;02UV;08;377;0;0;0;0
VO2001;02UV;17;569;1;1;0;0
VO2001;02UV;18;356;0;0;0;0
VO2001;13ZU;00;1001;2;0;0;2
VO2001;13ZU;02;589;4;0;0;4
VO2001;13ZU;03;92;0;0;0;0
VO2001;14RP;00;815;2;2;0;0
VO2001;14RP;01;1169;7;2;0;5
VO2001;14RP;02;196;0;0;0;0
VO2001;14RP;03;528;6;4;0;2
VO2001;16NK;01;659;0;0;0;0
VO2001;20BV;00;974;1;0;0;1
VO2001;20EM;00;1192;2;1;0;1
VO2001;20EM;01;62;2;1;0;1
VO2001;20EM;03;607;5;0;0;5
VO2001;20EM;04;420;8;8;0;0
VO2001;20ER;00;686;0;0;0;0
VO2001;20ER;01;464;4;1;0;3
VO2001;20ER;04;1252;4;2;0;2
VO2001;20ER;05;523;0;0;0;0
VO2001;20ER;06;166;3;2;0;1
VO2001;20ER;08;302;6;2;0;4
VO2001;20ER;09;236;1;0;0;1
VO2002;25LW;82;247;1;0;0;1
VO2002;00DI;00;611;0;0;0;0
VO2002;00DI;01;372;0;0;0;0
VO2002;00DI;02;1253;1;0;0;1
VO2002;00DI;03;217;0;0;0;0
VO2002;00DI;04;4;0;0;0;0
VO2002;00ZV;05;241;0;0;0;0
VO2002;01NJ;01;558;1;0;0;1
VO2002;01NJ;02;458;0;0;0;0
VO2002;02UV;02;204;1;0;0;1
VO2002;02VJ;00;768;2;1;0;1
VO2002;02VJ;01;508;10;7;0;3
VO2002;02VJ;02;196;3;2;0;1
VO2002;02VJ;03;631;2;2;0;0
VO2002;02VJ;06;250;0;0;0;0
VO2002;02VJ;07;163;0;0;0;0
VO2002;02VJ;08;442;1;0;0;1
VO2002;14RP;04;249;0;0;0;0
VO2002;14RP;05;340;0;0;0;0
VO2002;16PI;00;872;1;0;0;1
VO2002;16PI;01;848;2;1;0;1
VO2002;16PI;02;2;0;0;0;0
VO2002;16PI;03;209;3;1;0;2
VO2002;16ZK;00;741;0;0;0;0
VO2002;16ZK;01;191;1;0;0;1
VO2002;16ZK;02;419;1;1;0;0
VO2002;20CM;00;1473;4;1;0;3
VO2002;20CM;01;302;1;1;0;0
VO2002;20CM;03;146;1;0;0;1
VO2002;20CM;07;370;0;0;0;0
VO2002;20CM;09;287;3;2;0;1
VO2002;20CM;10;6;0;0;0;0
VO2002;20LO;01;227;1;1;0;0
VO2002;25GM;00;1319;1;1;0;0
VO2002;25GM;02;1;0;0;0;0
VO2002;25LW;00;23;0;0;0;0
VO2002;30PP;00;755;5;4;0;1
VO2002;30PP;01;162;0;0;0;0
VO2002;30PP;02;101;0;0;0;0
VO2002;30PP;04;1023;6;3;0;3
VO2101;20DL;20;37;0;0;0;0
VO2101;00ZV;02;283;0;0;0;0
VO2101;00ZX;00;480;0;0;0;0
VO2101;00ZX;02;356;0;0;0;0
VO2101;00ZX;03;437;0;0;0;0
VO2101;00ZX;04;209;0;0;0;0
VO2101;00ZX;08;456;0;0;0;0
VO2101;01BE;00;358;1;1;0;0
VO2101;01KL;09;209;2;0;0;2
VO2101;02UV;04;205;0;0;0;0
VO2101;02VC;00;1401;2;0;0;2
VO2101;02VC;02;504;1;0;0;1
VO2101;02VC;03;465;0;0;0;0
VO2101;02VC;08;65;0;0;0;0
VO2101;02XE;00;438;0;0;0;0
VO2101;02XQ;00;38;0;0;0;0
VO2101;12VI;13;549;2;0;0;2
VO2101;14DC;00;993;2;1;0;1
VO2101;14DC;02;193;0;0;0;0
VO2101;14DC;04;195;1;0;0;1
VO2101;14FW;05;263;0;0;0;0
VO2101;14NS;00;1161;2;2;0;0
VO2101;14WI;00;535;0;0;0;0
VO2101;19EO;00;34;0;0;0;0
VO2101;19ET;00;149;0;0;0;0
VO2101;19HY;00;166;0;0;0;0
VO2101;20DL;00;969;3;0;0;3
VO2101;20DL;01;129;1;0;0;1
VO2101;20DL;02;597;0;0;0;0
VO2101;20DL;03;566;1;1;0;0
VO2101;20DL;04;568;0;0;0;0
VO2101;20DL;06;324;2;2;0;0
VO2101;20DL;10;257;0;0;0;0
VO2101;20DL;11;130;0;0;0;0
VO2101;20DL;12;206;2;1;0;1
VO2101;20DL;13;14;0;0;0;0
VO2101;20DL;16;80;10;0;0;10
VO2102;00ZV;00;1131;3;2;0;1
VO2102;01NJ;12;288;2;2;0;0
VO2102;01WM;00;752;3;1;0;2
VO2102;02UV;03;311;1;1;0;0
VO2102;04YE;00;1167;4;2;0;2
VO2102;04YE;01;396;2;0;0;2
VO2102;04YE;02;519;1;1;0;0
VO2102;04YE;03;1364;0;0;0;0
VO2102;04YE;08;33;14;0;0;14
VO2102;05AC;00;419;3;1;0;2
VO2102;12VI;01;384;0;0;0;0
VO2102;12VI;08;336;1;1;0;0
VO2102;14FW;00;1135;2;0;0;2
VO2102;14FW;01;597;0;0;0;0
VO2102;14FW;02;367;1;1;0;0
VO2102;14FW;04;301;0;0;0;0
VO2102;15VQ;00;1478;6;2;0;4
VO2102;19LO;00;1392;3;2;0;1
VO2102;25CM;00;942;4;2;0;2
VO2102;25CM;04;958;1;0;0;1
VO2102;25CM;07;787;1;0;0;1
VO2102;25CM;08;235;0;0;0;0
VO2102;25CV;00;635;2;0;0;2
VO2102;25CV;01;622;0;0;0;0
VO2102;25CV;02;332;1;1;0;0
VO2102;25CV;03;447;0;0;0;0
VO2102;30UV;00;159;0;0;0;0
VO2103;00ZH;00;244;0;0;0;0
VO2103;12VI;02;514;5;0;0;5
VO2103;16FP;00;2020;4;2;0;2
VO2103;25CR;00;1273;1;0;0;1
VO2103;25CR;03;676;2;1;0;1
VO2103;25CR;07;276;0;0;0;0
VO2103;25CR;08;134;0;0;0;0
VO2103;25CR;10;67;0;0;0;0
VO2103;25GB;00;1080;1;0;0;1
VO2103;25GB;02;314;0;0;0;0
VO2201;01NJ;08;848;2;2;0;0
VO2201;01NJ;09;478;0;0;0;0
VO2201;02EB;00;1366;2;1;0;1
VO2201;02EB;04;756;3;3;0;0
VO2201;02EB;06;3;2;0;0;2
VO2201;02EB;07;608;1;1;0;0
VO2201;02UV;05;236;0;0;0;0
VO2201;20LO;00;1520;1;0;0;1
VO2201;20LO;02;225;0;0;0;0
VO2201;20LO;03;308;1;0;0;1
VO2201;20LO;04;906;12;4;0;8
VO2202;00PF;00;1620;8;3;0;5
VO2202;01NJ;10;653;1;0;0;1
VO2202;12IR;00;1576;3;2;0;1
VO2202;16IH;00;1041;4;3;0;1
VO2202;16IH;03;14;7;0;0;7
VO2202;16VP;00;2043;18;6;0;12
VO2202;20LA;00;1142;2;1;0;1
VO2202;20LA;02;510;1;1;0;0
VO2202;20LA;03;587;1;1;0;0
VO2202;20LA;05;415;8;4;1;3
VO2202;20LA;06;196;1;0;0;1
VO2202;20LA;07;256;0;0;0;0
VO2202;20LA;15;374;2;0;0;2
VO2203;01NJ;11;781;4;2;0;2
VO2203;02VA;00;1381;2;1;0;1
VO2203;02VA;02;668;2;1;0;1
VO2203;02VA;04;7;0;0;0;0
VO2203;03XM;00;1328;7;3;0;4
VO2203;16GZ;00;1369;3;2;0;1
VO2203;16GZ;01;139;5;3;2;0
VO2203;17VS;04;508;1;1;0;0
VO2203;19IW;00;1801;10;4;0;6
VO2203;23WU;00;583;3;0;0;3
VO2203;25CL;00;1148;5;1;0;4
VO2203;25CL;01;562;4;1;0;3
VO2203;25CL;03;234;0;0;0;0
VO2301;01IC;15;672;11;9;0;2
VO2301;02DO;00;1519;5;0;0;5
VO2301;02DO;01;624;2;2;0;0
VO2301;02DO;02;637;1;0;0;1
VO2301;02DO;03;540;0;0;0;0
VO2301;02EK;00;726;1;0;0;1
VO2301;02EK;01;424;2;2;0;0
VO2301;02EK;02;395;1;0;0;1
VO2301;02XJ;00;1176;2;0;0;2
VO2301;02XJ;01;593;1;0;0;1
VO2301;02XJ;02;1093;4;2;0;2
VO2301;04HR;00;1099;0;0;0;0
VO2301;04HR;04;669;10;3;0;7
VO2301;16VI;00;1038;2;1;0;1
VO2301;16VI;01;806;0;0;0;0
VO2301;19FF;00;1878;3;0;0;3
VO2301;29WG;00;437;2;0;0;2
VO2302;00AH;00;1059;4;0;0;4
VO2302;00AH;07;863;5;1;0;4
VO2302;00AH;08;237;1;0;0;1
VO2302;00AH;09;99;0;0;0;0
VO2302;00AH;11;52;3;0;0;3
VO2302;00AH;17;743;4;2;0;2
VO2302;01IC;11;592;4;1;1;2
VO2302;05AV;00;1294;3;3;0;0
VO2302;05AV;01;1326;4;0;0;4
VO2302;05AV;02;1307;3;0;0;3
VO2302;05AV;03;663;2;0;0;2
VO2302;05AV;04;318;0;0;0;0
VO2302;17VN;01;452;1;1;0;0
VO2302;17VN;05;1629;1;0;0;1
VO2302;17VN;06;1093;1;0;0;1
VO2302;17VN;07;148;3;1;0;2
VO2302;17VN;09;838;10;7;0;3
VO2302;17VS;02;148;0;0;0;0
VO2302;18CR;00;1122;5;0;0;5
VO2302;18CR;01;387;2;0;0;2
VO2302;18CR;02;579;0;0;0;0
VO2302;18CR;05;145;1;0;0;1
VO2302;19FF;04;420;0;0;0;0
VO2302;19HG;02;188;0;0;0;0
VO2302;19HG;03;31;0;0;0;0
VO2302;19HG;04;360;0;0;0;0
VO2302;19HG;06;176;1;0;0;1
VO2302;19HG;07;961;2;0;0;2
VO2302;19HG;08;135;0;0;0;0
VO2302;19HG;09;81;1;1;0;0
VO2302;19HG;10;154;0;0;0;0
VO2302;20CS;00;847;2;0;0;2
VO2302;20CS;04;311;2;2;0;0
VO2302;20CS;07;1372;4;2;0;2
VO2303;01VJ;00;965;7;6;0;1
VO2303;01VJ;01;912;0;0;0;0
VO2303;01VJ;03;1260;1;0;0;1
VO2303;01VJ;04;1327;3;1;0;2
VO2303;01VJ;05;318;7;4;0;3
VO2303;01VJ;10;6;1;0;0;1
VO2305;00MP;02;52;2;2;0;0
VO2305;00MP;00;1012;1;1;0;0
VO2305;01AA;57;636;2;0;0;2
VO2305;01AA;58;94;1;1;0;0
VO2305;01AA;59;217;1;1;0;0
VO2305;01AA;60;53;8;0;0;8
VO2305;01AA;61;450;3;0;0;3
VO2305;01XN;00;573;1;0;0;1
VO2305;01XN;01;1111;6;2;0;4
VO2305;01XN;02;155;1;1;0;0
VO2305;02VB;00;814;1;1;0;0
VO2305;02VB;01;314;1;0;0;1
VO2305;02VB;02;1174;1;1;0;0
VO2305;02VB;03;130;0;0;0;0
VO2305;02VB;07;427;2;2;0;0
VO2305;02VT;00;1812;3;0;0;3
VO2305;02VT;01;660;1;0;0;1
VO2305;02VT;02;559;8;5;0;3
VO2305;02VT;04;187;0;0;0;0
VO2305;02VT;05;999;3;0;0;3
VO2305;02VT;06;359;2;0;0;2
VO2305;04OY;00;1279;1;1;0;0
VO2305;04OY;02;1579;3;1;0;2
VO2305;13US;00;446;2;1;0;1
VO2305;17BZ;00;1122;3;2;0;1
VO2305;17BZ;02;445;2;1;0;1
VO2305;17VS;00;2107;4;1;0;3
VO2305;20CF;00;575;0;0;0;0
VO2305;20CF;01;258;1;0;0;1
VO2305;20DB;00;1676;6;2;0;4
VO2305;20DB;03;592;4;3;0;1
VO2307;02UX;00;1906;4;4;0;0
VO2307;02UX;01;580;4;2;0;2
VO2307;02UX;06;1277;3;1;0;2
VO2307;12IR;05;309;1;1;0;0
VO2307;17BZ;04;444;3;1;0;2
VO2307;17VS;03;856;2;1;0;1
VO2401;01FP;00;495;7;1;2;4
VO2401;01FP;01;734;2;1;0;1
VO2401;01FP;04;592;0;0;0;0
VO2401;01FP;05;360;0;0;0;0
VO2401;01FP;06;44;0;0;0;0
VO2401;16AW;00;1411;17;10;1;6
VO2401;16AW;01;1725;10;6;0;4
VO2401;16AW;06;39;2;0;0;2
VO2401;17DN;00;1534;12;4;1;7
VO2401;17DN;01;813;10;8;0;2
VO2401;24RW;00;2204;11;3;1;7
VO2401;24RW;03;1251;5;2;0;3
VO2401;24RW;04;539;4;2;0;2
VO2401;27VD;00;750;3;1;1;1
VO2402;02JG;00;1020;4;1;0;3
VO2402;02JG;04;316;4;4;0;0
VO2402;02JG;05;223;0;0;0;0
VO2402;02KR;00;472;1;1;0;0
VO2402;18XX;00;381;1;1;0;0
VO2402;20CR;00;1096;2;1;0;1
VO2402;20CR;01;182;7;0;0;7
VO2402;20CR;03;412;3;2;0;1
VO2402;25GV;01;339;0;0;0;0
VO2403;00ZO;00;988;6;2;0;4
VO2403;18DQ;00;1648;18;9;0;9
VO2403;18GC;00;1174;1;0;0;1
VO2403;25GV;07;323;1;1;0;0
VO2501;02FC;04;305;1;1;0;0
VO2501;02FC;07;142;0;0;0;0
VO2501;02VN;00;958;1;0;0;1
VO2501;02VN;01;1077;3;3;0;0
VO2501;02VS;00;1657;4;3;0;1
VO2501;08LP;00;1753;2;1;0;1
VO2501;16NK;00;1155;6;2;0;4
VO2501;20DH;00;818;0;0;0;0
VO2501;20DH;06;296;3;2;0;1
VO2501;20DH;08;41;2;0;0;2
VO2502;00LJ;00;933;0;0;0;0
VO2502;00LJ;01;149;0;0;0;0
VO2502;00LJ;02;230;0;0;0;0
VO2502;00LJ;05;482;0;0;0;0
VO2502;01IC;02;376;1;1;0;0
VO2502;02QN;00;1119;0;0;0;0
VO2502;02QN;02;744;0;0;0;0
VO2502;05FB;00;1043;3;0;0;3
VO2502;05FB;01;353;0;0;0;0
VO2502;05FB;02;258;0;0;0;0
VO2502;05FB;06;451;1;0;0;1
VO2502;05FB;07;524;0;0;0;0
VO2502;17AA;00;1365;1;1;0;0
VO2502;17AA;03;18;1;0;0;1
VO2502;24TF;00;1467;3;2;0;1
VO2502;24TF;01;353;0;0;0;0
VO2502;24TF;02;164;0;0;0;0
VO2503;01IC;01;608;8;8;0;0
VO2503;01IC;18;230;1;0;0;1
VO2503;02FC;00;1461;2;0;0;2
VO2503;02NZ;00;1142;1;1;0;0
VO2503;02NZ;01;1182;8;3;0;5
VO2503;02NZ;09;739;1;0;0;1
VO2503;14UM;00;1019;2;0;0;2
VO2503;14UM;01;528;3;2;0;1
VO2503;14UM;02;776;3;2;0;1
VO2503;20AD;00;1251;2;1;0;1
VO2504;03RR;00;1118;5;3;0;2
VO2504;03RR;04;944;1;0;0;1
VO2504;03RR;07;176;0;0;0;0
VO2504;16SK;00;954;3;1;0;2
VO2504;16SK;01;570;0;0;0;0
VO2504;16SK;05;609;4;2;0;2
VO2504;16SK;07;916;0;0;0;0
VO2505;01IC;05;770;2;0;0;2
VO2505;02RA;00;1516;1;0;0;1
VO2505;02RA;01;1183;9;8;0;1
VO2505;02RA;02;1019;2;1;0;1
VO2505;02RA;03;313;0;0;0;0
VO2505;08SG;00;1316;1;0;0;1
VO2505;08SG;01;705;6;3;0;3
VO2505;08SG;06;1185;3;1;0;2
VO2505;13JO;00;1109;1;1;0;0
VO2505;20KQ;00;1126;1;1;0;0
VO2505;20KQ;04;949;10;7;0;3
VO2505;20QU;00;629;0;0;0;0
VO2506;00JT;03;120;0;0;0;0
VO2506;00TM;00;1080;2;1;0;1
VO2506;00TQ;00;132;8;2;0;6
VO2506;02SY;00;1152;4;2;0;2
VO2506;05FF;00;1282;13;5;0;8
VO2506;07PK;00;1316;6;0;0;6
VO2506;07PK;04;49;0;0;0;0
VO2506;07PK;05;276;9;7;0;2
VO2506;07PK;07;485;1;1;0;0
VO2506;17IM;00;1395;2;1;0;1
VO2506;17IM;01;309;0;0;0;0
VO2506;17IM;02;790;5;3;0;2
VO2506;17IM;04;446;1;1;0;0
VO2506;17IM;05;303;1;1;0;0
VO2506;20RM;00;1088;0;0;0;0
VO2506;20TZ;00;977;2;1;0;1
VO2506;20TZ;04;365;5;4;0;1
VO2506;20TZ;07;543;6;4;0;2
VO2506;20TZ;11;524;1;0;0;1
VO2506;25GL;00;1221;2;0;0;2
VO2506;25GL;04;713;19;5;0;14
VO2506;25GL;06;747;4;3;1;0
VO2506;25GV;10;364;1;0;0;1
VO2507;00CB;00;761;6;2;0;4
VO2507;00OB;00;1389;1;0;0;1
VO2507;00OB;03;1001;5;5;0;0
VO2507;00RZ;00;1510;9;6;0;3
VO2507;00RZ;01;292;3;1;0;2
VO2507;01VN;00;1400;5;2;0;3
VO2507;01VN;03;88;10;0;0;10
VO2507;01VN;04;504;5;3;0;2
VO2507;02QQ;00;562;0;0;0;0
VO2507;02ST;00;1512;3;3;0;0
VO2507;02ST;03;441;12;10;0;2
VO2507;02ST;04;246;0;0;0;0
VO2507;02ST;05;141;2;1;0;1
VO2507;02VE;00;1611;2;1;0;1
VO2507;14NQ;00;1077;4;0;0;4
VO2507;16SW;00;941;0;0;0;0
VO2507;16SW;03;996;2;1;0;1
VO2507;16SW;05;336;0;0;0;0
VO2507;17HN;00;1673;2;2;0;0
VO2507;17HN;02;481;0;0;0;0
VO2507;17IR;00;1247;6;5;0;1
VO2507;17IR;01;311;0;0;0;0
VO2507;17IR;02;558;0;0;0;0
VO2507;19RX;00;911;5;2;0;3
VO2507;19RX;01;750;4;4;0;0
VO2507;19RX;02;449;1;1;0;0
VO2507;19RX;03;173;0;0;0;0
VO2507;20CI;00;1318;2;0;0;2
VO2507;20EO;00;1348;5;2;0;3
VO2507;21SK;00;941;1;0;0;1
VO2507;21SK;01;763;5;2;0;3
VO2507;26CC;06;484;4;3;0;1
VO2507;26JR;00;1;0;0;0;0
VO2507;30AU;00;376;0;0;0;0
VO2507;30AU;01;856;2;1;0;1
VO2507;30MM;00;1;0;0;0;0
VO2508;16YV;04;258;0;0;0;0
VO2508;19EW;00;911;0;0;0;0
VO2508;19EW;01;560;3;3;0;0
VO2508;19EW;03;619;2;0;0;2
VO2508;19EW;04;509;1;0;0;1
VO2508;19EW;05;1288;2;2;0;0
VO2508;19QA;00;1299;4;2;0;2
VO2508;19QA;04;222;1;1;0;0
VO2508;23HC;00;1056;12;11;0;1
VO2508;23HC;01;1761;3;1;0;2
VO2508;23HC;02;4;0;0;0;0
VO2508;26CC;05;295;2;0;1;1
VO2509;00WI;00;2449;6;3;0;3
VO2509;00WI;04;466;2;2;0;0
VO2509;01FU;00;983;3;2;0;1
VO2509;01FU;01;985;2;1;0;1
VO2509;01FU;04;410;1;0;0;1
VO2509;02DC;00;1011;6;4;0;2
VO2509;02DC;03;738;2;0;0;2
VO2509;02EX;00;518;9;1;0;8
VO2509;02EX;04;67;0;0;0;0
VO2509;02EX;05;296;1;0;0;1
VO2509;02FB;00;1212;2;0;0;2
VO2509;17BZ;03;227;0;0;0;0
VO2509;17CK;00;1759;4;3;0;1
VO2509;17CK;01;633;2;2;0;0
VO2509;25GV;09;399;2;1;1;0
VO2510;02UP;00;1012;9;2;0;7
VO2510;02UP;01;587;2;0;0;2
VO2510;16YV;00;1617;9;2;0;7
VO2510;16YV;01;325;5;4;0;1
VO2510;16YV;02;304;2;1;0;1
VO2510;19IP;01;206;2;2;0;0
VO2510;19KZ;00;1080;1;0;0;1
VO2510;25GE;00;1502;5;5;0;0
VO2510;25GE;02;721;3;1;0;2
VO2510;25GV;05;431;0;0;0;0
VO2511;00SZ;00;2420;5;3;0;2
VO2511;01MU;00;1910;9;8;0;1
VO2511;02MF;00;1052;7;5;0;2
VO2511;02VM;00;2029;3;3;0;0
VO2511;06SU;00;2019;8;5;0;3
VO2511;19IP;00;1050;1;0;0;1
VO2601;00RO;00;1242;3;1;0;2
VO2601;01KF;00;1140;4;0;0;4
VO2601;01OE;18;357;5;2;0;3
VO2601;02UE;00;1481;6;0;0;6
VO2601;03OY;00;1465;3;1;0;2
VO2601;11NY;00;1362;2;0;0;2
VO2601;14OY;00;1083;1;1;0;0
VO2601;15JM;00;802;1;0;0;1
VO2601;16PA;00;960;0;0;0;0
VO2601;17HX;00;665;7;4;0;3
VO2601;18AN;00;612;9;7;0;2
VO2601;23VD;00;657;5;2;0;3
VO2601;24TJ;00;576;15;8;0;7
VO2601;24TR;00;1013;0;0;0;0
VO2601;24TR;02;119;6;0;0;6
VO2601;24TR;03;437;1;0;0;1
VO2601;24TR;05;640;10;3;0;7
VO2601;27DG;00;877;1;0;0;1
VO2601;30UB;00;549;3;0;0;3
VO2602;00JT;00;755;5;0;0;5
VO2602;00JT;02;387;2;2;0;0
VO2602;00JT;06;566;0;0;0;0
VO2602;00ML;00;1375;1;1;0;0
VO2602;00ML;02;693;2;2;0;0
VO2602;00ML;05;607;1;0;0;1
VO2602;00ML;09;485;4;4;0;0
VO2602;00ML;12;643;4;2;0;2
VO2602;00YO;00;387;1;0;0;1
VO2602;01NZ;00;1455;4;1;0;3
VO2602;01OE;16;348;0;0;0;0
VO2602;02TG;00;1017;0;0;0;0
VO2602;14RC;00;1246;6;2;0;4
VO2602;14RC;03;430;2;2;0;0
VO2602;14RC;04;1624;4;2;0;2
VO2602;14RC;06;680;12;2;0;10
VO2602;20CK;00;918;1;0;0;1
VO2602;20EA;00;1364;6;2;0;4
VO2602;20EI;00;1114;3;1;0;2
VO2602;20EI;01;191;3;1;0;2
VO2602;20EI;02;241;2;0;0;2
VO2602;20EI;03;915;2;0;0;2
VO2603;00CB;01;649;6;1;0;5
VO2603;00MK;00;1614;4;1;0;3
VO2603;00TL;00;1070;1;0;0;1
VO2603;02TH;00;832;0;0;0;0
VO2603;02VR;00;1357;2;0;0;2
VO2603;02VR;02;303;1;1;0;0
VO2603;02VR;04;1468;2;1;0;1
VO2603;02VR;05;925;2;2;0;0
VO2603;07KP;00;441;1;1;0;0
VO2603;17BI;00;1553;8;3;0;5
VO2603;17BI;02;356;3;2;0;1
VO2603;17WP;00;1274;3;2;0;1
VO2603;25GV;08;430;4;3;0;1
VO2603;25GV;11;338;4;2;0;2
VO2604;01OE;17;573;2;2;0;0
VO2604;04IX;00;1732;3;0;0;3
VO2604;04IX;01;1360;8;6;0;2
VO2604;05RA;00;1413;2;1;0;1
VO2604;05RA;01;363;1;0;1;0
VO2604;17AN;00;1479;2;0;0;2
VO2604;17AN;01;967;2;1;0;1
VO2605;00VY;00;2022;4;0;0;4
VO2605;00VY;04;1842;6;6;0;0
VO2605;01OE;37;362;4;2;0;2
VO2605;17GM;00;1873;5;4;0;1
VO2605;17GM;02;655;5;3;0;2
VO2605;18WS;00;932;3;2;0;1
VO2605;18WS;01;495;8;4;0;4
VO2605;18WS;02;174;3;2;0;1
VO2605;22NE;00;1596;3;0;0;3
VO2605;30BE;00;603;6;5;0;1
VO2701;00MV;00;1130;4;1;0;3
VO2701;00MV;01;625;2;1;0;1
VO2701;00MV;02;389;3;0;0;3
VO2701;00MV;06;313;0;0;0;0
VO2701;16CX;00;1559;2;0;0;2
VO2701;16CX;04;655;7;6;0;1
VO2701;16CX;08;721;2;1;0;1
VO2701;16CX;09;168;2;0;0;2
VO2701;16KP;00;934;5;4;0;1
VO2701;17DD;00;1138;2;1;0;1
VO2701;21VB;00;281;0;0;0;0
VO2701;21VB;08;45;0;0;0;0
VO2701;25EF;09;597;5;2;0;3
VO2702;02ME;00;1488;8;7;0;1
VO2702;02ME;01;1633;6;2;0;4
VO2702;02ME;02;1690;1;0;0;1
VO2702;13EE;00;1657;3;1;0;2
VO2702;18CV;00;2146;8;4;0;4
VO2702;25DA;00;1299;5;0;0;5
VO2702;25DA;02;1231;3;2;0;1
VO2702;25DA;04;405;0;0;0;0
VO2702;25DA;08;663;7;3;0;4
VO2702;25EF;05;259;0;0;0;0
VO2702;25EF;06;394;3;2;0;1
VO2703;00XA;00;1973;2;1;0;1
VO2703;00XA;01;1571;5;1;0;4
VO2703;01XF;00;1048;6;3;0;3
VO2703;01XF;01;214;5;3;0;2
VO2703;02QX;00;1026;2;0;0;2
VO2703;02QX;01;547;2;2;0;0
VO2703;02QX;03;762;8;6;0;2
VO2703;02QX;06;207;0;0;0;0
VO2703;02QX;07;281;0;0;0;0
VO2703;02TD;00;1857;7;2;0;5
VO2703;02TD;03;126;0;0;0;0
VO2703;02TD;04;457;2;1;0;1
VO2703;16ST;00;966;3;2;0;1
VO2703;16TS;03;688;2;2;0;0
VO2703;19ZQ;00;1002;8;2;0;6
VO2703;19ZQ;02;189;0;0;0;0
VO2703;19ZX;00;795;3;0;0;3
VO2703;19ZX;01;236;0;0;0;0
VO2703;20AA;00;865;2;0;0;2
VO2703;25EF;01;245;2;2;0;0
VO2703;25EF;08;266;0;0;0;0
VO2704;00ZD;00;1508;6;1;0;5
VO2704;20MH;00;2122;7;4;0;3
VO2704;25EF;02;1003;8;6;0;2
VO2704;27MD;00;1782;1;1;0;0
VO2704;27MD;01;907;7;5;0;2
VO2704;27MD;02;1013;15;3;0;12
VO2705;01KL;00;1126;5;3;0;2
VO2705;01KL;06;417;4;4;0;0
VO2705;01KL;07;117;1;1;0;0
VO2705;01KL;08;819;19;13;0;6
VO2705;01KL;10;185;0;0;0;0
VO2705;01KL;14;174;7;2;4;1
VO2705;01LZ;00;1243;5;0;0;5
VO2705;02GN;00;1015;0;0;0;0
VO2705;02KM;00;961;18;12;0;6
VO2705;02SB;00;1585;4;0;0;4
VO2705;02UC;00;1311;1;0;0;1
VO2705;02YH;00;380;2;2;0;0
VO2705;07FH;00;1769;7;0;0;7
VO2705;16TS;02;727;4;1;0;3
VO2705;17HH;00;459;1;1;0;0
VO2705;19EQ;00;403;1;1;0;0
VO2705;20DG;00;662;0;0;0;0
VO2705;20EK;00;1185;6;1;0;5
VO2705;20EK;04;297;3;3;0;0
VO2705;20QY;00;833;1;0;0;1
VO2705;20RC;00;915;2;2;0;0
VO2705;20RF;00;1786;5;4;0;1
VO2705;25FU;00;337;4;2;0;2
VO2705;25FU;08;184;2;2;0;0
VO2706;02TZ;00;1228;0;0;0;0
VO2706;02VQ;00;928;3;1;0;2
VO2706;02VQ;01;706;5;1;0;4
VO2706;20CN;00;1262;3;2;0;1
VO2706;20CN;02;883;4;2;0;2
VO2706;20EY;00;1083;2;1;0;1
VO2706;20EY;07;1920;14;12;0;2
VO2706;20FC;00;826;9;3;0;6
VO2706;29YT;00;783;8;7;0;1
VO2707;01EO;00;1072;4;0;0;4
VO2707;01EO;01;475;11;7;0;4
VO2707;01EO;02;1550;3;0;0;3
VO2707;01EO;06;89;0;0;0;0
VO2707;01EO;08;435;4;4;0;0
VO2707;01EO;12;455;2;1;0;1
VO2707;17VF;04;275;1;1;0;0
VO2707;20GS;00;1742;11;6;0;5
VO2707;25DA;09;345;5;5;0;0
VO2707;25EF;04;933;1;1;0;0
VO2708;00EF;00;536;8;5;0;3
VO2708;01ET;00;773;2;0;0;2
VO2708;01OE;22;406;2;2;0;0
VO2708;01OE;23;112;1;1;0;0
VO2708;01TC;00;834;2;0;0;2
VO2708;02AN;00;995;6;0;0;6
VO2708;02AP;00;1084;3;0;0;3
VO2708;02AR;00;943;6;0;0;6
VO2708;02PA;00;288;8;7;0;1
VO2708;03AQ;00;1606;11;3;1;7
VO2708;14RF;00;1151;1;0;0;1
VO2708;14RF;03;515;4;2;0;2
VO2708;14RF;04;475;15;10;0;5
VO2708;14RF;06;729;2;0;0;2
VO2708;14RL;00;260;2;2;0;0
VO2708;14RL;02;58;12;0;6;6
VO2708;14RL;03;167;1;0;0;1
VO2708;14RL;06;3;1;0;0;1
VO2708;14RL;07;68;13;0;7;6
VO2708;14SE;00;1186;6;0;0;6
VO2708;14VY;00;819;7;5;0;2
VO2708;16PN;00;166;3;3;0;0
VO2708;16PS;00;1426;5;1;0;4
VO2708;16PS;04;443;3;1;0;2
VO2708;16PS;07;699;7;1;0;6
VO2708;16PS;08;853;26;15;3;8
VO2708;16PS;16;111;1;0;0;1
VO2708;16PS;17;379;1;0;0;1
VO2708;16TS;00;816;8;1;0;7
VO2708;17HB;00;742;4;0;0;4
VO2708;17HB;03;297;4;4;0;0
VO2708;17HB;06;478;12;7;0;5
VO2708;17HB;07;251;3;0;0;3
VO2708;17VF;00;1085;4;0;0;4
VO2708;17VF;01;241;1;0;0;1
VO2708;17VF;02;313;2;0;0;2
VO2708;17VF;03;615;6;3;0;3
VO2708;17VF;06;78;3;0;0;3
VO2708;17YS;00;656;52;11;9;32
VO2708;17YS;02;78;10;0;0;10
VO2708;17YS;03;1159;9;1;0;8
VO2708;17YS;04;664;11;9;0;2
VO2708;17YS;08;770;2;0;0;2
VO2708;17YS;12;56;6;0;0;6
VO2708;21AB;00;824;1;0;0;1
VO2708;21AF;00;800;2;0;0;2
VO2708;21AS;00;429;4;0;0;4
VO2708;21AS;03;352;4;3;0;1
VO2708;21AS;07;272;5;5;0;0
VO2708;21AS;08;501;0;0;0;0
VO2708;21BH;00;1254;9;3;0;6
VO2708;21ET;00;910;2;0;0;2
VO2708;21ET;02;587;7;3;0;4
VO2708;21ET;04;491;7;5;1;1
VO2708;21ET;07;391;5;4;0;1
VO2708;21ET;08;228;5;5;0;0
VO2708;21FF;00;826;14;8;0;6
VO2708;21GD;00;1883;16;4;0;12
VO2708;21GD;01;404;0;0;0;0
VO2708;23GF;00;32;2;0;0;2
VO2708;25EF;03;243;3;2;0;1
VO2708;28DH;00;917;6;3;0;3
VO2708;28DH;01;447;3;0;0;3
VO2708;30GC;00;753;2;0;0;2
VO2709;00IP;00;974;5;3;0;2
VO2709;00WD;00;788;11;6;1;4
VO2709;01OE;21;560;4;2;0;2
VO2709;01OE;26;377;4;3;0;1
VO2709;02QZ;00;1704;4;0;0;4
VO2709;02TE;00;1585;5;1;0;4
VO2709;03RU;00;1821;22;13;0;9
VO2709;05FE;00;874;4;4;0;0
VO2709;14VG;00;1537;4;0;0;4
VO2709;19TI;00;1142;5;1;0;4
VO2709;19TI;03;680;15;11;0;4
VO2709;19TI;05;926;0;0;0;0
VO2709;19XY;00;1622;12;3;0;9
VO2709;21WE;00;1836;7;4;0;3
VO2710;00PS;00;187;1;0;0;1
VO2710;00PS;03;757;9;2;0;7
VO2710;00PS;04;385;1;1;0;0
VO2710;00PS;05;440;5;4;0;1
VO2710;00PS;06;148;1;1;0;0
VO2710;00PS;08;1121;5;1;0;4
VO2710;00UM;00;1172;2;1;0;1
VO2710;01OE;25;334;3;3;0;0
VO2710;02EV;00;1077;4;0;0;4
VO2710;02UB;00;1199;3;0;0;3
VO2710;03FO;00;1433;5;2;0;3
VO2710;03FO;01;421;2;2;0;0
VO2710;03FO;02;214;3;3;0;0
VO2710;03FO;04;219;7;3;2;2
VO2710;14SM;00;1248;5;0;0;5
VO2710;14SM;02;447;1;1;0;0
VO2710;14SM;03;1074;5;2;0;3
VO2710;14SM;04;1498;3;3;0;0
VO2710;14SM;05;984;10;6;0;4
VO2710;14SM;14;26;5;0;0;5
VO2710;20DD;00;785;5;0;0;5
VO2710;20DD;02;224;0;0;0;0
VO2710;24TG;00;1164;0;0;0;0
VO2710;24TG;04;296;5;4;0;1
VO2710;30JN;00;309;1;0;0;1
VO2801;01OE;03;378;4;4;0;0
VO2801;02GP;00;767;9;0;0;9
VO2801;02KB;02;600;7;7;0;0
VO2801;02VD;00;1128;3;0;0;3
VO2801;02VD;02;59;1;0;0;1
VO2801;02VD;04;636;0;0;0;0
VO2801;02VD;07;140;0;0;0;0
VO2801;14WE;00;1371;5;4;0;1
VO2801;14WJ;00;979;2;1;0;1
VO2801;16RH;00;1175;1;0;0;1
VO2801;16TV;02;531;6;2;0;4
VO2801;20CL;00;752;2;2;0;0
VO2801;20DF;00;1081;8;1;0;7
VO2801;20DF;01;1004;20;15;0;5
VO2801;20DF;04;68;9;0;0;9
VO2801;20DP;00;1144;2;0;0;2
VO2801;21GW;00;904;3;0;0;3
VO2801;21GW;01;332;0;0;0;0
VO2801;21GW;02;930;1;0;0;1
VO2801;21GW;03;370;6;3;0;3
VO2801;30GD;00;810;0;0;0;0
VO2802;00BD;00;964;2;1;0;1
VO2802;00BD;02;108;0;0;0;0
VO2802;01OE;27;321;4;3;0;1
VO2802;01OE;28;373;0;0;0;0
VO2802;01OE;30;382;3;2;0;1
VO2802;02LG;00;435;5;1;0;4
VO2802;02LG;06;493;3;1;0;2
VO2802;04DF;00;1937;8;5;0;3
VO2802;04DF;01;428;1;1;0;0
VO2802;05TA;00;1066;3;2;0;1
VO2802;10AN;00;906;0;0;0;0
VO2802;10AN;03;1011;10;8;0;2
VO2802;10AN;04;427;0;0;0;0
VO2802;13WH;00;1539;4;2;0;2
VO2802;14SF;00;491;4;3;0;1
VO2802;14SF;01;1501;3;1;0;2
VO2802;14SF;03;485;0;0;0;0
VO2802;15BH;00;714;1;0;0;1
VO2802;15BH;01;1312;4;1;0;3
VO2802;15BH;04;363;1;0;0;1
VO2802;15BH;05;678;2;1;0;1
VO2802;15OM;00;978;3;2;0;1
VO2802;15OM;01;514;4;2;0;2
VO2802;20AI;00;749;1;0;0;1
VO2803;00UZ;00;1510;5;0;0;5
VO2803;00UZ;04;1085;11;10;0;1
VO2803;01OE;33;440;4;4;0;0
VO2803;02KB;00;744;2;2;0;0
VO2803;02KB;01;1596;3;3;0;0
VO2803;02VD;05;295;0;0;0;0
VO2803;14TD;00;1283;3;1;0;2
VO2803;23KU;00;904;3;0;0;3
VO2803;25GD;00;691;7;4;0;3
VO2803;25GD;01;1173;6;5;0;1
VO2804;01OE;11;369;2;2;0;0
VO2804;01OE;12;669;4;2;0;2
VO2804;02CI;00;1130;3;1;0;2
VO2804;02CI;01;590;10;6;0;4
VO2804;02CI;02;780;4;3;0;1
VO2804;20KZ;00;773;0;0;0;0
VO2804;24PY;00;844;0;0;0;0
VO2804;24PY;02;500;8;3;0;5
VO2804;24PY;05;950;2;1;0;1
VO2805;02IC;00;394;4;3;0;1
VO2805;03RB;00;1468;1;1;0;0
VO2805;11UL;02;195;0;0;0;0
VO2805;15QW;00;1047;3;3;0;0
VO2806;00HI;00;1213;5;2;0;3
VO2806;00HI;03;444;9;7;1;1
VO2806;00TU;01;156;1;0;0;1
VO2806;00XK;00;881;0;0;0;0
VO2806;00XK;02;352;2;0;0;2
VO2806;00XK;03;715;1;1;0;0
VO2806;00XK;08;143;5;1;0;4
VO2806;01OE;06;303;6;5;0;1
VO2806;01OE;07;572;0;0;0;0
VO2806;01PU;00;741;12;3;0;9
VO2806;02DQ;00;732;0;0;0;0
VO2806;02DZ;06;525;7;3;0;4
VO2806;02GJ;00;849;3;1;0;2
VO2806;02GJ;01;181;0;0;0;0
VO2806;02GP;04;113;3;0;0;3
VO2806;02MU;00;1301;7;2;0;5
VO2806;02US;00;937;5;1;0;4
VO2806;02UT;00;758;10;2;0;8
VO2806;02VO;00;700;1;0;0;1
VO2806;14TA;00;804;2;0;0;2
VO2806;16TV;00;756;5;2;0;3
VO2806;17HR;00;556;10;4;0;6
VO2806;17HR;02;968;1;0;0;1
VO2806;17HR;05;526;10;5;0;5
VO2806;19ZP;00;643;2;2;0;0
VO2806;19ZP;03;286;1;0;0;1
VO2806;19ZP;04;272;13;11;0;2
VO2806;19ZP;05;448;5;3;0;2
VO2806;20CQ;00;1438;15;7;0;8
VO2806;20CQ;01;1358;2;0;0;2
VO2806;20LU;00;774;3;0;0;3
VO2806;20MA;00;1494;13;0;0;13
VO2806;20MA;01;785;4;4;0;0
VO2806;20MD;00;888;1;0;0;1
VO2806;20MF;00;992;3;0;0;3
VO2806;20MJ;00;835;45;2;4;39
VO2806;20MJ;02;381;4;4;0;0
VO2806;20MJ;04;66;0;0;0;0
VO2806;20MJ;05;219;13;0;0;13
VO2806;20MM;00;434;7;5;0;2
VO2806;20MM;01;1034;3;0;0;3
VO2806;20MM;06;442;2;2;0;0
VO2806;21GU;00;724;15;4;0;11
VO2806;21GU;04;287;3;2;0;1
VO2806;21GU;06;337;10;3;0;7
VO2806;21GU;07;950;5;2;1;2
VO2806;21GU;08;296;8;4;0;4
VO2807;00PJ;00;1830;2;0;0;2
VO2807;01MB;00;1804;1;0;0;1
VO2807;20BC;00;1138;3;2;0;1
VO2807;20BC;01;827;12;6;0;6
VO2807;25GA;00;1022;7;1;0;6
VO2807;25GA;01;1047;13;7;0;6
VO2808;14YD;03;835;5;4;0;1
VO2808;14YD;09;713;0;0;0;0
VO2808;21HC;00;1810;4;2;0;2
VO2808;21HC;01;396;7;7;0;0
VO2808;21HC;03;794;0;0;0;0
VO2808;21HC;04;422;2;0;0;2
VO2808;21HC;05;246;0;0;0;0
VO2808;21HC;08;169;1;0;0;1
VO2808;21HC;12;593;0;0;0;0
VO2809;01GX;00;1646;1;0;0;1
VO2809;01GX;02;534;5;3;0;2
VO2809;01GX;03;212;7;4;0;3
VO2809;02DZ;00;1838;5;0;0;5
VO2809;02DZ;02;578;4;3;0;1
VO2809;02DZ;03;1290;2;1;0;1
VO2809;02DZ;04;738;4;2;0;2
VO2809;20AB;00;823;9;2;0;7
VO2809;20AB;06;246;12;7;0;5
VO2810;00TU;00;1086;6;4;0;2
VO2810;01OE;02;215;2;1;0;1
VO2810;01OE;05;375;5;3;0;2
VO2810;02GS;00;989;2;0;0;2
VO2810;02LB;00;443;16;3;0;13
VO2810;02LB;01;175;2;0;0;2
VO2810;02LB;08;527;3;1;0;2
VO2810;02UG;00;604;2;0;0;2
VO2810;02VG;00;469;2;0;0;2
VO2810;02VG;03;187;1;1;0;0
VO2810;02VG;04;363;1;1;0;0
VO2810;02VG;05;273;3;3;0;0
VO2810;02VG;08;462;10;8;0;2
VO2810;02VG;10;161;9;0;0;9
VO2810;02VG;11;232;6;4;0;2
VO2810;02VG;14;314;2;1;0;1
VO2810;02VG;15;410;1;1;0;0
VO2810;02VG;17;145;2;2;0;0
VO2810;02VG;22;479;1;0;0;1
VO2810;02VG;25;196;3;2;0;1
VO2810;05EA;00;745;5;3;0;2
VO2810;05XJ;00;517;2;0;0;2
VO2810;08CU;00;1694;4;1;0;3
VO2810;08VU;00;1422;3;0;0;3
VO2810;08VU;02;471;1;1;0;0
VO2810;11UL;03;396;1;1;0;0
VO2810;14QT;00;657;0;0;0;0
VO2810;14WL;00;1038;4;2;0;2
VO2810;15EO;00;554;4;0;0;4
VO2810;15EO;01;747;0;0;0;0
VO2810;15HX;00;1016;10;2;0;8
VO2810;15HX;02;503;2;2;0;0
VO2810;15HX;03;382;0;0;0;0
VO2810;15KR;00;1110;1;0;0;1
VO2810;15KR;05;713;3;1;0;2
VO2810;15KR;06;835;2;0;0;2
VO2810;15KR;09;57;2;0;0;2
VO2810;15KR;10;524;2;0;0;2
VO2810;15KR;12;493;4;2;0;2
VO2810;15SC;00;1187;1;0;0;1
VO2810;15XV;00;1072;1;1;0;0
VO2810;15XV;01;464;2;2;0;0
VO2810;16PK;00;924;1;0;0;1
VO2810;16PK;04;409;3;2;0;1
VO2810;16PK;05;344;3;1;0;2
VO2810;16PK;07;405;2;1;0;1
VO2810;16PK;08;514;6;6;0;0
VO2810;16PK;09;1433;1;1;0;0
VO2810;16PK;10;400;4;3;0;1
VO2810;16TV;01;777;6;3;0;3
VO2810;17CR;00;478;9;5;0;4
VO2810;17KY;00;745;6;4;0;2
VO2810;17YF;00;837;10;3;0;7
VO2810;17YF;02;205;2;2;0;0
VO2810;18CH;00;1076;2;1;0;1
VO2810;18CH;02;348;6;6;0;0
VO2810;18CH;03;317;1;0;0;1
VO2810;18CH;04;353;4;4;0;0
VO2810;18CH;06;515;3;3;0;0
VO2810;18CH;07;1043;2;0;0;2
VO2810;18CH;09;258;5;3;0;2
VO2810;18CH;10;341;5;4;0;1
VO2810;18CH;12;475;2;2;0;0
VO2810;18CH;13;155;0;0;0;0
VO2810;18CH;15;82;0;0;0;0
VO2810;18TR;00;988;7;5;0;2
VO2810;18TR;01;641;6;4;0;2
VO2810;18TR;07;1641;2;1;0;1
VO2810;18TR;11;236;2;0;0;2
VO2810;19GY;00;1680;13;5;1;7
VO2810;19GY;04;266;2;0;0;2
VO2810;19GY;05;300;1;1;0;0
VO2810;19GY;06;419;2;0;0;2
VO2810;20AM;00;1649;6;5;0;1
VO2810;20BH;00;541;2;0;0;2
VO2810;20BH;01;524;9;6;0;3
VO2810;20BH;02;1;0;0;0;0
VO2810;20FR;04;474;3;1;0;2
VO2810;23JA;01;514;3;2;0;1
VO2810;23YU;00;256;2;2;0;0
VO2810;23YU;01;308;5;4;0;1
VO2810;23YU;02;531;2;1;0;1
VO2810;23YU;08;239;1;1;0;0
VO2810;27RW;00;462;3;2;0;1
VO2810;30WH;00;218;4;1;0;3
VO2810;30WH;01;306;7;4;0;3
VO2811;00JR;00;1447;3;0;0;3
VO2811;00VR;00;880;2;1;0;1
VO2811;14YD;06;517;1;1;0;0
VO2811;16EI;00;487;2;0;0;2
VO2811;17WQ;00;1437;6;1;0;5
VO2811;17WQ;05;826;6;5;0;1
VO2811;17WQ;06;855;3;1;0;2
VO2811;17WQ;08;698;2;2;0;0
VO2811;17WQ;11;298;1;0;0;1
VO2811;19KM;00;473;6;3;0;3
VO2811;20CJ;00;541;3;0;0;3
VO2811;20CJ;04;422;4;1;0;3
VO2811;20CJ;10;117;5;0;0;5
VO2811;20CJ;11;312;0;0;0;0
VO2811;20DC;00;656;1;0;0;1
VO2812;01OE;13;347;2;2;0;0
VO2812;11ZH;00;1337;4;2;0;2
VO2812;12RB;00;1363;5;4;0;1
VO2812;19DH;00;1544;3;1;0;2
VO2812;20FR;00;958;2;2;0;0
VO2812;20FR;02;970;3;2;0;1
VO2812;20FR;03;890;9;7;0;2
VO2812;20FR;06;1513;1;0;0;1
VO2812;20FR;07;155;0;0;0;0
VO2812;20FR;08;268;0;0;0;0
VO2812;23AP;00;292;2;2;0;0
VO2812;23YU;04;378;2;2;0;0
VO2813;06WY;00;322;0;0;0;0
VO2813;14RR;00;1539;2;2;0;0
VO2813;14RR;01;379;6;4;0;2
VO2813;16QA;00;1229;3;2;0;1
VO2813;16QA;01;964;4;3;1;0
VO2813;16QA;03;124;3;2;0;1
VO2813;18TR;02;1056;1;0;0;1
VO2813;18TR;03;368;4;2;0;2
VO2813;20AE;00;1255;2;2;0;0
VO2814;00YH;00;502;1;0;0;1
VO2814;00YH;01;291;1;1;0;0
VO2814;00YH;02;578;1;1;0;0
VO2814;00YH;03;1255;5;0;0;5
VO2814;00YH;05;691;3;2;0;1
VO2814;00YH;06;266;1;1;0;0
VO2814;01OE;04;238;1;1;0;0
VO2814;01OE;32;476;3;3;0;0
VO2814;02XS;00;1424;5;4;0;1
VO2814;17XU;00;1007;2;1;0;1
VO2814;17XU;01;261;1;0;0;1
VO2814;19ZU;00;727;1;0;0;1
VO2814;20AE;01;208;0;0;0;0
VO2814;24TP;00;926;2;0;0;2
VO2814;24TP;02;494;3;2;0;1
VO2901;03XS;00;1218;4;2;0;2
VO2901;03XS;03;243;3;2;0;1
VO2901;03XS;07;760;13;5;0;8
VO2901;16YC;00;1099;6;2;0;4
VO2901;20CP;00;983;12;6;0;6
VO2901;20CP;04;1418;3;2;0;1
VO2902;05OH;00;575;0;0;0;0
VO2902;05OH;03;1221;5;1;0;4
VO2902;05OH;07;462;8;5;0;3
VO2902;11UL;01;276;2;2;0;0
VO2902;13OR;00;1618;6;3;0;3
VO2902;13OR;01;501;7;5;0;2
VO2902;13OR;03;1063;5;2;0;3
VO2902;29ZT;00;348;0;0;0;0
VO2903;00AQ;00;1045;12;7;0;5
VO2903;00LY;00;1440;2;2;0;0
VO2903;16JO;00;1073;8;2;0;6
VO2903;25FX;00;840;1;1;0;0
VO2903;25FX;01;594;10;9;0;1
VO2903;26JV;00;1;0;0;0;0
VO3001;21CY;07;285;1;1;0;0
VO3001;02FY;00;719;1;0;0;1
VO3001;02FY;01;468;7;6;0;1
VO3001;02FY;02;489;2;2;0;0
VO3001;02FY;04;335;2;2;0;0
VO3001;02HI;00;426;7;7;0;0
VO3001;02HI;06;128;4;3;0;1
VO3001;02HI;08;50;6;0;0;6
VO3001;10LU;00;2731;9;1;0;8
VO3001;14SW;00;1157;2;0;0;2
VO3001;16QN;00;425;1;0;0;1
VO3002;06XL;00;1350;9;7;0;2
VO3002;19EN;00;1191;5;0;0;5
VO3002;19EN;02;264;3;3;0;0
VO3002;20ZK;00;353;4;4;0;0
VO3002;20ZK;02;1052;4;0;0;4
VO3002;20ZK;03;195;1;0;0;1
VO3002;20ZK;04;1289;0;0;0;0
VO3002;20ZK;05;1;0;0;0;0
VO3002;20ZK;11;354;1;1;0;0
VO3002;21CY;03;424;2;1;0;1
VO3002;30EU;00;1110;4;3;0;1
VO3003;00KV;00;2034;0;0;0;0
VO3003;00KV;01;449;0;0;0;0
VO3003;01IW;00;1596;3;3;0;0
VO3003;01IW;03;755;0;0;0;0
VO3003;02GF;00;1421;2;0;0;2
VO3003;02QO;00;768;0;0;0;0
VO3003;03AM;00;887;0;0;0;0
VO3003;04YX;00;748;4;3;0;1
VO3003;04YX;02;335;3;3;0;0
VO3003;14SZ;00;1368;4;1;0;3
VO3003;16QH;00;496;4;2;0;2
VO3003;16QH;01;1189;4;0;0;4
VO3003;16RF;00;1465;2;0;0;2
VO3003;19XV;00;376;2;0;0;2
VO3003;19XV;01;762;12;5;1;6
VO3003;19XV;02;389;10;8;0;2
VO3003;21CY;02;489;3;3;0;0
VO3003;21GZ;06;341;6;5;0;1
VO3003;25GC;00;1080;2;2;0;0
VO3003;25GC;01;753;9;8;0;1
VO3003;25GC;02;1376;2;1;0;1
VO3003;25GC;03;296;1;0;0;1
VO3003;25GC;08;215;0;0;0;0
VO3003;25GC;09;433;5;2;0;3
VO3003;25GC;10;270;0;0;0;0
VO3003;25LX;33;881;11;8;0;3
VO3003;25LX;41;803;3;2;0;1
VO3003;25LX;48;69;3;0;0;3
VO3003;28DB;00;132;1;0;0;1
VO3004;02IS;00;396;18;11;0;7
VO3004;02IS;01;398;3;0;0;3
VO3004;09VG;00;318;6;4;0;2
VO3004;16MQ;00;1766;9;4;0;5
VO3004;16OX;00;1562;7;6;0;1
VO3004;16OX;01;662;0;0;0;0
VO3004;16OX;02;640;0;0;0;0
VO3004;16OX;03;436;2;1;0;1
VO3004;16OX;04;549;0;0;0;0
VO3004;16OX;10;329;2;1;0;1
VO3004;16OX;11;191;0;0;0;0
VO3004;18XU;00;2500;4;0;0;4
VO3004;18XU;01;382;3;1;0;2
VO3004;20BQ;00;1544;2;1;0;1
VO3004;20GD;00;223;5;5;0;0
VO3004;20GD;01;230;3;1;0;2
VO3004;21EX;00;1411;3;0;0;3
VO3004;21EX;01;54;0;0;0;0
VO3004;21FV;00;1081;1;0;0;1
VO3004;21GZ;00;1376;2;1;0;1
VO3004;25LV;00;997;4;3;0;1
VO3005;01GV;00;424;4;2;0;2
VO3005;02QT;00;1731;8;2;0;6
VO3005;04GU;00;2027;5;3;0;2
VO3005;04GU;03;391;1;1;0;0
VO3005;04XU;00;643;6;5;1;0
VO3005;05PL;00;1626;4;1;0;3
VO3005;07MU;00;1428;5;3;0;2
VO3005;16RB;00;1315;2;1;0;1
VO3005;17AY;00;1373;5;2;0;3
VO3005;17AY;04;414;5;3;0;2
VO3005;17JY;00;777;0;0;0;0
VO3005;17KF;00;396;4;3;0;1
VO3005;17KF;02;466;3;1;0;2
VO3005;20AJ;00;793;0;0;0;0
VO3005;20ST;00;2351;4;3;0;1
VO3005;20SY;00;1090;3;0;0;3
VO3005;23FY;00;371;11;1;0;10
VO3005;26CC;08;637;9;4;0;5
VO3005;26MZ;00;3;0;0;0;0
VO3006;23FX;00;955;3;1;0;2
VO3006;02DW;00;686;0;0;0;0
VO3006;04SU;00;1589;1;0;0;1
VO3006;04SU;02;1377;5;4;0;1
VO3006;06HF;00;1457;0;0;0;0
VO3006;06HF;02;1550;9;5;0;4
VO3006;19XH;00;1576;2;0;0;2
VO3006;19XH;01;842;1;1;0;0
VO3006;19XH;02;191;0;0;0;0
VO3006;19XH;03;476;0;0;0;0
VO3006;19XH;04;1250;10;6;0;4
VO3006;19XH;07;206;4;4;0;0
VO3006;20WI;00;1844;2;0;0;2
VO3007;00CB;02;540;3;1;0;2
VO3007;01FY;00;1024;3;0;0;3
VO3007;02TC;00;1107;4;0;0;4
VO3007;02TC;03;529;11;4;0;7
VO3007;02TC;04;856;9;4;0;5
VO3007;03KN;00;2037;9;6;2;1
VO3007;15BS;00;2299;3;2;0;1
VO3007;16RT;00;1868;3;0;0;3
VO3007;16RT;01;1129;5;5;0;0
VO3007;18XR;00;1319;3;2;0;1
VO3007;20AT;00;1435;10;2;0;8
VO3007;20AT;01;347;2;2;0;0
VO3007;20AT;03;264;8;7;0;1
VO3007;20AT;04;245;4;0;0;4
VO3007;20AT;07;129;2;0;0;2
VO3007;20BK;00;1564;8;5;0;3
VO3007;20BK;01;788;13;5;0;8
VO3007;20GA;00;1203;6;2;0;4
VO3007;20IB;00;1663;6;2;0;4
VO3007;20IB;03;737;6;3;0;3
VO3007;21GV;00;2460;15;8;0;7
VO3007;25KX;00;1116;5;0;0;5
VO3007;25LV;19;736;7;3;0;4
VO3007;25MB;00;644;56;16;0;40
VO3007;26CC;13;308;2;2;0;0
VO3007;27ZF;00;799;0;0;0;0
VO3007;30BC;00;439;1;1;0;0
VO3008;00NE;00;564;1;1;0;0
VO3008;00NE;02;35;1;0;0;1
VO3008;01XL;00;1624;2;0;0;2
VO3008;02QP;00;448;3;0;0;3
VO3008;13PE;00;1099;0;0;0;0
VO3008;13PE;01;867;7;6;0;1
VO3008;14LF;00;1175;6;3;0;3
VO3008;17VP;00;1053;2;0;0;2
VO3008;17VP;01;581;0;0;0;0
VO3008;17VP;02;696;2;1;0;1
VO3008;20JX;00;418;5;5;0;0
VO3008;20JX;02;1179;1;1;0;0
VO3008;20JX;04;1779;3;0;0;3
VO3008;20JX;06;260;3;0;0;3
VO3008;25MG;00;1239;2;1;0;1
VO3008;25MG;02;932;4;2;0;2
VO3008;25MG;03;448;0;0;0;0
VO3009;01GH;00;1515;4;2;0;2
VO3009;01GH;01;642;4;4;0;0
VO3009;01GH;04;18;1;0;0;1
VO3009;05AX;00;1044;6;4;0;2
VO3009;16VK;00;1124;3;1;0;2
VO3009;16VK;01;307;5;5;0;0
VO3009;16VK;02;646;4;2;0;2
VO3009;16VK;03;1228;4;4;0;0
VO3009;21CY;05;771;3;2;0;1
VO3101;01GN;00;2435;8;2;0;6
VO3101;16XD;00;1744;4;2;0;2
VO3101;19HR;00;1756;11;6;0;5
VO3101;20LL;00;1344;2;1;0;1
VO3101;20LL;02;478;4;3;0;1
VO3101;21CS;01;477;2;1;0;1
VO3101;25FY;00;2287;12;8;0;4
VO3101;25GF;00;2170;12;6;1;5
VO3102;03XF;00;1165;3;0;0;3
VO3102;03XF;03;581;1;0;0;1
VO3102;03XF;04;441;10;7;0;3
VO3102;03XF;05;77;14;0;0;14
VO3102;14PS;00;1586;5;2;0;3
VO3102;14PS;02;259;3;2;0;1
VO3102;14PS;03;323;0;0;0;0
VO3102;16PE;00;922;1;0;0;1
VO3102;16PE;01;665;2;1;0;1
VO3102;17GT;00;1600;3;1;0;2
VO3102;17GT;02;726;6;6;0;0
VO3102;21CS;02;414;7;6;0;1
VO3103;02ZR;00;1278;5;1;0;4
VO3103;02ZR;02;248;4;0;0;4
VO3103;02ZR;03;153;6;6;0;0
VO3103;18DD;00;1616;2;1;0;1
VO3103;18DD;02;429;7;4;0;3
VO3103;21CS;05;336;2;2;0;0
VO3104;01MO;00;1053;1;0;0;1
VO3104;02IB;00;273;10;3;0;7
VO3104;02IB;02;302;3;1;0;2
VO3104;02IB;03;98;1;0;0;1
VO3104;02MY;00;164;3;2;0;1
VO3104;02MY;01;280;2;0;0;2
VO3104;02MY;02;84;1;0;0;1
VO3104;04DS;00;525;1;0;0;1
VO3104;07BQ;00;1199;5;3;0;2
VO3104;18DE;00;277;0;0;0;0
VO3104;19PV;00;2117;10;5;0;5
VO3104;20KA;00;1436;5;2;0;3
VO3105;01GL;00;1588;6;0;0;6
VO3105;20IS;00;1305;1;1;0;0
VO3105;20IS;04;480;3;1;0;2
VO3105;20IS;06;8;0;0;0;0
VO3105;27VG;00;1508;3;1;0;2
VO3105;27VG;01;725;7;5;0;2
VO3105;27ZH;00;718;17;9;0;8
VO3105;27ZH;02;1124;3;0;0;3
VO3105;27ZJ;00;436;3;1;0;2
VO3105;27ZJ;01;585;14;6;0;8
VO3105;27ZJ;02;749;2;0;0;2
VO3106;02DF;00;1131;6;2;0;4
VO3106;02ZC;00;334;0;0;0;0
VO3106;05FJ;00;433;4;0;0;4
VO3106;05FJ;01;489;2;1;0;1
VO3106;05FJ;10;464;9;0;0;9
VO3106;16SL;00;1295;3;0;0;3
VO3106;16VM;00;470;1;1;0;0
VO3106;16VM;04;178;1;0;0;1
VO3106;17JB;00;1376;3;0;0;3
VO3106;17JB;01;687;5;4;0;1
VO3106;17JB;02;439;5;1;0;4
VO3106;17JB;05;52;1;1;0;0
VO3106;18DO;00;632;4;1;0;3
VO3106;19HV;00;579;1;0;0;1
VO3106;19QC;00;625;2;0;0;2
VO3106;19XS;00;1376;4;3;0;1
VO3106;21CS;03;541;4;2;0;2
